,TOTAL_EUI
0,2.53375
1,13.877166666666668
3,21.8647
4,14.9151
6,32.7239125
8,17.416293333333332
9,26.902428333333333
12,10.256142857142857
14,18.210367567567566
15,13.023096153846154
19,10.955535211267605
21,10.368510638297872
23,24.815424050632913
26,2.8522916666666664
27,24.02405569620253
28,37.369708
29,7.026385542168675
30,15.451805
32,9.799397590361446
33,5.457263157894737
34,6.132716049382716
35,8.846944444444444
36,7.5766
43,24.63233333333333
44,1.4279
46,32.84452112676056
49,25.118684210526315
50,12.203686746987952
51,5.117384210526316
53,34.1302
55,6.807151515151515
57,5.003291139240506
59,9.99725
60,6.760558139534884
62,22.765924528301888
69,13.274038461538462
71,37.98905555555555
72,5.68403
73,40.56029142857143
80,12.471229166666667
81,13.52813559322034
82,10.446904761904761
85,11.806642857142856
86,5.461904761904762
90,2.9090625
92,23.193809523809524
94,11.589470175438597
95,39.070727272727275
99,7.59
100,10.160015625
102,54.569
105,1.7671294117647058
108,22.04298
109,15.091973333333334
110,6.2234
112,14.995414634146341
119,5.118460317460317
123,3.9029375
126,8.131212121212121
127,13.905726666666666
131,35.49111428571429
133,4.4384561543845615
138,14.067365853658536
143,4.611919191919192
147,9.093471264367816
152,32.05929111111111
153,3.217764705882353
154,33.88711111111111
155,9.624153571428572
156,5.5407142857142855
157,20.837664835164833
158,38.65123181818182
159,17.258068965517243
162,1.6234
163,10.833150684931507
164,103.307925
165,8.635865217391304
166,5.2488
167,21.20899375
170,63.162461538461535
174,10.12472641509434
177,24.159565217391304
180,14.289933333333334
181,11.129775
182,66.25090909090909
186,9.549428
195,5.165897872340426
196,15.2075
198,15.766633802816902
201,23.64188829787234
205,10.11295890410959
208,21.719612666666666
209,15.379370212765958
210,43.93753846153846
211,15.986642857142858
213,10.762241758241759
214,10.9234875
215,42.291
218,2.87632
219,6.495764285714285
220,6.691484375
227,14.397296666666668
228,20.463322033898304
230,24.982756756756757
231,14.341214285714285
235,2.7286153846153844
237,17.682257142857143
241,57.65522131147541
242,13.3253125
243,11.022055555555555
247,12.556843023255814
248,22.746923333333335
249,28.369038461538462
251,15.89798904109589
253,3.7064280701754386
256,53.693357142857145
261,47.20137931034483
263,2.6977375
267,30.584646666666668
269,5.828577777777777
270,26.765195454545456
271,26.668411111111112
272,7.919547169811321
273,13.23862142857143
277,47.881649484536084
278,47.30849047619048
280,1.511955
281,26.985666666666667
282,5.3169609756097564
283,5.64430303030303
284,25.43697619047619
286,3.3079375
287,16.4686
289,5.091818181818182
290,11.817083333333333
292,12.602739726027398
295,7.40749756097561
296,28.873426315789473
297,31.12053
298,0.9640963855421687
299,6.110833333333333
302,7.083295652173913
303,3.87
305,17.09361282051282
306,6.872254901960784
307,17.33616153846154
308,6.72895652173913
309,12.04532075471698
310,7.001084507042253
311,38.35655
312,32.304
316,9.567046875
319,49.74990416666667
320,8.641155555555555
324,12.21972
326,2.1336363636363638
328,4.130892857142857
329,4.712307692307692
331,18.809733333333334
332,20.281407142857145
333,2.8354878048780487
334,9.76175
337,17.402363636363635
339,11.981518987341772
341,44.798809523809524
343,12.7821875
345,19.730556701030928
346,24.147521333333334
350,42.15493333333333
356,2.465220338983051
357,8.459916363636363
359,6.326888888888889
360,9.578636363636363
362,6.0551272727272725
363,0.421512
365,26.180860655737703
366,6.8332
367,27.0829126984127
369,37.60074074074074
371,23.276122222222224
373,20.404839285714285
374,18.475932692307694
377,5.081739130434783
379,4.549541666666666
380,22.002765957446808
383,9.833303157894736
385,15.01299090909091
386,12.1885
388,11.709654545454546
389,12.0412
391,12.70418253968254
392,14.418448717948717
396,5.683838235294117
399,25.343416666666666
405,8.18986
406,21.21824193548387
407,9.783947368421053
409,13.84
410,1.0043050847457626
414,13.067010204081633
417,13.14654716981132
418,15.832795180722892
420,28.74536274509804
421,20.521548387096775
422,15.865134865134864
424,18.0455
426,14.606585882352942
429,17.947085714285713
431,63.32725142857143
434,17.839066666666668
435,9.431162790697675
438,23.035462365591396
441,8.972779411764705
442,16.671875
443,13.229105263157894
445,20.161636363636365
448,5.030671641791045
450,54.198181818181816
451,14.688840579710146
452,13.804404494382023
453,9.068704301075268
456,1.448217391304348
460,3.793982456140351
463,17.886
464,19.883592
465,45.13548070175439
468,9.963720930232558
471,28.842166666666667
473,68.09427118644068
478,8.783777777777777
481,5.384767123287671
483,16.140689655172412
485,9.705666666666668
486,4.893030303030303
488,19.784318181818183
489,5.331036
493,4.708538461538462
497,5.793294871794872
499,24.7783
502,42.41482166666667
509,1.043
512,13.136914285714285
514,14.583333333333334
518,17.069255714285713
519,17.14125
520,27.16309595959596
521,31.554792857142857
522,25.760952380952382
524,16.91222727272727
527,5.155176666666667
531,18.651185714285713
534,27.677604651162792
535,6.58765
536,17.785345679012345
538,14.6891
539,14.581490384615385
542,20.27772857142857
545,10.2128
546,4.316952380952381
548,22.04479365079365
550,15.276228571428572
554,4.015135135135135
555,4.8193222222222225
556,13.851890476190476
557,119.75
558,4.840121212121212
564,16.72366913580247
565,5.195
566,6.073295774647887
568,8.656428571428572
570,33.53333333333333
573,20.870941860465116
574,15.772948
576,6.268294117647059
578,13.453422222222223
580,10.121166666666667
581,3.0475
582,22.75256875
584,12.416985
585,10.820975609756097
586,17.340102325581395
587,7.812846153846154
589,10.726223880597015
590,30.33625142857143
593,1.7915555555555556
594,36.118566666666666
596,2.858816666666667
600,16.517142857142858
601,17.813752808988763
607,4.822666666666667
609,7.879784946236559
611,8.502251666666666
618,15.4332375
621,9.33831506849315
623,16.886314102564103
625,27.23224126984127
626,1.6956206896551724
629,11.9689125
631,11.7140625
633,20.33631
634,47.5501
636,18.593330357142857
638,24.045564912280703
639,30.0345
640,12.4115
644,17.36047619047619
645,6.483076923076923
647,23.878595918367346
648,7.66269191919192
650,13.253292666666667
651,41.099675
658,12.00365
660,4.4934520547945205
661,23.062
662,19.094764912280702
665,12.9621
666,8.967085106382978
668,21.22925925925926
670,20.435236363636363
672,25.15172244897959
674,9.645807692307692
676,3.124283783783784
679,11.2255
681,5.877852
682,14.69659375
684,8.967397260273973
685,14.956555555555555
686,17.767294117647058
688,3.4255555555555555
691,17.03109090909091
692,4.63
694,33.12042352941177
698,10.507439655172414
699,17.356710843373495
704,22.536
705,21.053493333333332
710,6.265590909090909
712,14.85925
713,2.9076666666666666
714,12.386630508474576
719,6.942004761904762
722,43.34322950819672
723,5.505051428571429
725,30.21883
726,7.280888888888889
727,2.113563772872454
730,11.444116417910449
731,7.533368421052631
733,7.24870625
734,2.2439420289855074
736,8.404053571428571
737,6.002206896551725
738,15.0588
739,10.328673913043477
740,23.186057692307692
743,2.2863030303030305
744,31.50201
745,1.952433962264151
747,3.6395238095238094
748,33.80564705882353
751,17.4210101010101
753,11.518191176470589
757,12.3295
762,0.443
764,8.277779661016949
765,16.004416666666668
766,13.75347111111111
772,18.534283333333335
773,22.63634
776,58.89683333333333
777,23.01888888888889
778,7.0223571428571425
780,4.0007777777777775
785,17.677203703703704
788,15.673
790,21.11196
791,6.867152542372882
792,9.8936
798,12.004941176470588
799,13.136086956521739
802,8.330415730337078
805,16.583779411764706
806,15.019640449438203
808,20.495707692307693
810,10.914454545454545
812,5.2320714285714285
814,7.960239795918367
818,1.3757248550289942
821,8.789846153846154
822,27.45909189189189
823,10.047995
827,9.058333333333334
828,19.6124
829,13.393735294117647
836,2.2771701492537315
838,13.702822222222222
840,5.81644
841,22.184148936170214
842,43.91715164835165
843,7.694388888888889
848,15.564958333333333
849,8.04072463768116
850,31.416741573033708
851,19.181255813953488
853,18.88127843137255
856,32.29392771084337
857,20.786
859,15.40628888888889
863,14.412387096774193
865,57.39666111111111
867,9.681738461538462
868,13.201569811320756
871,11.5048
872,13.096666666666666
879,2.184
881,15.831285714285714
882,12.383225
886,11.743345454545455
890,13.743863636363637
892,25.395561643835617
893,17.306634146341462
896,20.764872727272728
897,32.814836666666665
902,22.546271186440677
903,29.631995714285715
906,2.498375
908,7.607198275862069
909,4.6309125
910,18.75443
911,9.934492537313433
914,11.2445
916,2.188344827586207
917,18.75654375
921,6.26
922,23.3226511627907
923,15.71720945945946
924,9.879117647058823
928,4.410636363636364
932,11.740253846153847
933,28.95867857142857
935,22.996727857142858
941,20.559225
942,7.726221649484536
944,14.900694444444444
947,1.633076923076923
948,37.97217071428572
949,30.927318666666668
953,56.802083958320836
955,9.092087719298245
960,4.113666666666667
961,1.7517857142857143
962,15.243575
967,13.70653488372093
973,19.16171142857143
974,2.3892602739726025
975,14.914409090909091
981,10.780644736842106
984,3.3705333333333334
985,5.127987012987013
987,4.200921052631579
988,8.304722222222223
990,16.00857142857143
991,19.362640449438203
996,8.399408571428571
998,13.071223880597016
999,18.499333333333333
1002,2.8652269546090783
1003,6.596
1006,32.0446
1007,10.975271666666666
1009,11.877661538461538
1014,11.3388
1017,55.419651515151514
1019,60.84847428571429
1020,11.927105454545455
1021,14.323555555555556
1022,3.628484285714286
1023,30.888089552238807
1026,21.53924
1029,15.318666666666667
1031,19.427515384615386
1033,13.067619047619047
1034,23.6617125
1038,12.46797894736842
1040,135.695
1045,10.358298245614035
1047,20.996814814814815
1051,17.702701923076923
1052,33.7738
1056,5.58246511627907
1058,41.45945454545455
1060,10.728666666666667
1061,3.9414609375
1062,14.6066
1063,12.38755172413793
1064,6.90945054945055
1065,8.996741573033708
1068,24.277052631578947
1069,21.216666666666665
1071,2.9505
1074,13.943109375
1075,15.30117808219178
1077,13.200178571428571
1079,27.1787
1082,9.247411764705882
1083,10.51716862745098
1084,44.39299333333334
1087,14.268021978021977
1088,11.15237037037037
1091,18.300255555555555
1092,35.90213225806452
1094,30.183013333333335
1095,7.702732954545454
1096,25.377236842105262
1099,15.756049315068493
1100,19.262238095238096
1102,13.45
1106,15.021727272727272
1107,30.639489130434782
1110,21.8397675
1111,10.42672463768116
1114,24.7776
1117,0.8637972972972973
1118,2.6720526315789472
1121,7.733047619047619
1124,19.716399
1127,2.1217272727272727
1130,8.082148148148148
1132,28.882
1134,13.243173076923076
1138,8.805263157894737
1141,6.8067409836065575
1142,1.55425
1145,6.572823863636364
1147,33.604093023255814
1148,32.785183333333336
1152,24.401407142857142
1156,17.31048101265823
1157,3.0404164285714286
1159,13.992682539682539
1160,14.771875
1161,30.477243902439024
1163,65.55833333333334
1164,19.099901960784315
1169,73.1451111111111
1173,19.27642857142857
1175,29.578181818181818
1177,7.9751076923076925
1181,8.77040579710145
1183,5.337472222222222
1186,7.487076923076923
1188,8.4390625
1190,15.141396226415095
1191,9.796932203389831
1192,15.394534246575342
1196,36.63117333333334
1198,7.281090909090909
1199,10.20236842105263
1201,20.183822222222222
1202,18.97353846153846
1206,4.397093333333333
1207,10.96515
1208,10.38
1210,55.82357142857143
1211,14.366823529411764
1212,11.960765060240965
1214,22.570698630136988
1215,22.147755555555555
1217,20.628625
1219,22.159486486486486
1221,17.46072857142857
1224,8.168306451612903
1227,7.969257142857143
1230,12.297638297872341
1233,18.50768115942029
1235,1.5172
1236,8.246870786516855
1237,31.495178181818183
1238,6.949208
1240,8.758697674418604
1244,12.754849411764706
1248,14.594
1249,20.66482142857143
1251,10.99051724137931
1252,33.208496296296296
1254,22.59275
1255,13.841362068965518
1256,20.35677627118644
1259,5.214444444444444
1261,34.91696521739131
1262,7.048918918918919
1267,17.487859649122807
1271,14.689714285714286
1272,9.597763440860215
1274,23.69634375
1277,9.322493827160494
1279,15.24354857142857
1283,33.2984170212766
1284,4.89465
1285,17.457914285714285
1286,17.787510416666667
1288,12.580682926829269
1289,13.3588
1290,15.153746835443037
1292,29.49792131147541
1295,14.35527397260274
1296,8.798
1297,37.10535
1298,9.732510869565218
1300,0.9628809523809524
1301,23.1285
1302,24.055964285714285
1304,7.848470588235294
1307,19.31461855670103
1310,38.994971428571425
1311,4.449741176470588
1315,47.028751020408166
1316,27.536666666666665
1317,4.970849315068493
1319,8.421044444444444
1320,12.17936
1324,14.564285714285715
1326,6.750090909090909
1328,6.113691304347826
1330,5.00792
1331,3.5363170731707316
1333,30.398292452830187
1334,8.086813186813187
1339,8.795254237288136
1340,4.326060606060606
1341,20.480205
1342,10.922295081967214
1345,10.090625
1347,11.942533333333333
1348,14.4914
1353,6.397590361445783
1354,15.767204545454545
1355,31.041240506329114
1358,11.857333333333333
1359,1.076595
1360,12.688005
1362,15.618760563380281
1365,6.180763157894737
1366,23.19021
1367,6.66215625
1368,18.34569696969697
1376,13.130779220779221
1379,27.663286666666668
1383,13.08725
1385,5.64168253968254
1387,33.244420833333336
1389,6.8985625
1390,24.84559677419355
1392,30.675755
1393,19.6099587628866
1394,3.835404255319149
1396,20.898057142857144
1402,11.005934426229508
1403,8.4775
1404,15.672896551724138
1407,11.374836363636364
1410,29.687525555555556
1412,27.81372222222222
1416,12.036323636363637
1417,19.030073684210528
1418,4.556111111111111
1420,26.197255
1421,0.902483870967742
1423,155.00339393939393
1425,13.213027027027026
1428,14.7455
1433,5.72518
1434,8.45463768115942
1439,18.19575
1440,16.865116666666665
1443,20.24417818181818
1444,5.251172413793103
1446,9.723333333333333
1447,5.095781818181818
1454,22.39625142857143
1455,8.062024137931035
1463,7.652692307692308
1465,1.4781818181818183
1466,64.78257142857143
1468,9.173698666666667
1473,40.519982142857145
1475,32.63952957746479
1476,8.643372881355932
1479,19.002782857142858
1483,13.770951111111112
1487,1.871872340425532
1490,2.48056
1492,15.693034482758621
1493,5.07555
1495,7.33725
1496,3.381171052631579
1498,3.367142857142857
1499,13.11008
1500,9.711037037037038
1501,9.142861538461538
1502,29.36777777777778
1505,26.0678
1508,9.97666129032258
1509,5.310614942528735
1510,7.396113636363636
1512,1.3792592592592592
1513,28.32047142857143
1515,7.266582278481013
1517,20.565392
1518,29.873268
1519,20.996875
1521,34.11221728395062
1524,57.74595
1526,11.26202111111111
1527,25.644026666666665
1530,7.551612903225807
1531,5.2656015625
1532,2.0155
1533,23.53315
1534,7.597764705882353
1535,5.2556675
1536,6.323491803278689
1540,12.1416
1541,16.298855
1543,12.576524590163935
1545,15.85697619047619
1547,12.363660240963856
1548,18.098583333333334
1549,37.348
1550,20.681920454545455
1551,74.53175
1553,5.6390666666666664
1554,9.537117391304347
1556,67.53259782608696
1566,7.80103595505618
1573,11.573463414634146
1575,3.2732608695652172
1576,5.104823529411765
1580,21.928784
1582,9.920557692307693
1584,8.915058823529412
1585,17.4544126984127
1586,48.40146428571428
1589,43.84959420289855
1590,35.071082474226806
1591,11.015170731707316
1597,21.792
1600,31.06547619047619
1601,11.148795180722892
1604,11.576339285714285
1605,32.356057692307694
1607,18.904
1608,5.046335
1609,3.678541666666667
1610,41.52695833333333
1611,9.52494142857143
1612,21.472917142857142
1613,10.1775
1616,2.224447058823529
1618,15.46372
1620,12.20693023255814
1622,6.604066037735849
1627,16.5880511627907
1628,4.031428571428571
1634,20.06809090909091
1637,41.408953333333336
1641,10.62225
1644,45.794505
1645,7.271296703296703
1647,21.361102040816327
1649,21.49074074074074
1651,9.229
1653,18.619756097560977
1657,5.276553846153846
1658,20.829479411764705
1659,8.104525
1661,7.763076923076923
1665,10.923283582089553
1667,6.035011235955056
1668,25.896495
1669,14.683882352941177
1673,7.097058823529411
1674,57.79266666666667
1675,20.545411764705882
1676,13.432021135957728
1677,12.780709756097561
1678,13.651774285714286
1680,27.61769
1682,38.71063
1684,14.530365384615385
1685,20.988551020408163
1686,5.8628
1692,61.0636
1695,11.327824561403508
1696,3.3987558139534886
1697,30.02397857142857
1701,7.351818181818182
1703,12.826996774193548
1704,32.307345
1705,9.947536231884058
1708,16.1752
1714,7.8865625
1715,9.111105263157894
1717,2.2842046666666667
1719,2.672280701754386
1721,23.583015873015874
1723,20.117940217391304
1724,5.9755
1726,6.216695652173913
1727,28.397983333333332
1729,43.423764285714284
1730,8.303194805194805
1733,2.7804
1734,13.37731111111111
1736,30.71469696969697
1737,6.9726328125
1738,6.27345
1740,1.3856666666666666
1743,17.30644680851064
1744,5.9699
1748,92.38054054054054
1749,6.4256091954022985
1750,30.128886428571427
1752,6.9453658536585365
1753,11.095431818181819
1756,18.59288888888889
1757,23.275135
1760,8.468888372093023
1762,8.14675
1764,3.1616666666666666
1765,8.887375
1766,9.672985
1769,18.35582988505747
1770,16.426626865671643
1771,1.8700222222222223
1773,15.313036363636364
1777,24.43687619047619
1778,3.5672678571428573
1779,30.5576
1782,16.62648275862069
1784,15.795539
1785,33.62799
1787,21.428655913978496
1790,22.82806081081081
1791,30.455
1795,17.64885238095238
1796,12.391106666666667
1797,14.13176119402985
1800,39.348124285714285
1801,5.813818181818182
1805,16.586910714285715
1806,20.3269125
1807,8.82936170212766
1808,27.887846774193548
1809,15.531096774193548
1811,7.29025
1812,3.386416666666667
1816,43.74125
1817,8.8602
1819,9.871641791044777
1820,7.720137931034483
1824,26.16784857142857
1826,3.3249811320754716
1828,77.08190361445783
1830,19.961275
1831,9.451785714285714
1835,3.7992884615384614
1837,10.187151515151514
1838,51.98840983606557
1839,6.855650943396227
1842,6.025963636363636
1845,13.425416666666667
1849,43.088602083333335
1851,13.46888888888889
1852,106.33041666666666
1855,23.314888888888888
1856,23.282811594202897
1858,17.52828
1860,2.090086956521739
1868,18.217266666666667
1869,7.050318918918919
1870,1.6929411764705882
1871,14.866278571428571
1874,57.04030375
1875,25.8992
1876,16.587118
1882,20.43282807017544
1885,10.30926923076923
1886,24.96941758241758
1887,19.82078367346939
1889,4.674
1890,14.537972972972973
1896,3.2813333333333334
1898,6.847814035087719
1901,10.925704918032787
1902,21.621225
1904,7.057
1905,25.983951923076923
1906,5.816714285714285
1911,7.143975
1913,18.939978260869566
1917,5.680863636363636
1918,6.07609756097561
1922,15.413402932985335
1923,11.520137037037037
1924,9.7288
1928,3.2540983606557377
1931,15.378470588235293
1932,0.49043506493506495
1933,9.803396
1935,37.115
1937,12.0043125
1940,13.734
1942,7.215296875
1946,9.938616326530612
1947,1.4005125
1950,38.9041
1951,2.4602692307692307
1952,1.855781690140845
1953,2.99896875
1956,27.929363
1963,37.04665
1965,18.876395061728395
1966,5.898910202179596
1969,32.16747307692307
1971,5.584666666666666
1972,3.852222222222222
1973,6.331346428571429
1974,5.00037037037037
1975,24.08684
1977,10.859065704671476
1979,26.96203448275862
1980,12.50940350877193
1982,17.539217948717948
1986,18.989722352941175
1988,23.317845070422536
1989,11.9828
1991,13.852288461538462
1993,39.37258571428571
1996,17.191377777777777
1997,7.666146677066458
2000,14.566
2001,10.322565217391304
2002,5.49206
2006,17.798
2007,15.785457446808511
2010,14.2886
2013,9.714025
2014,22.8798
2016,21.258123913043477
2023,12.60896
2024,10.00990909090909
2032,63.479508333333335
2036,14.228692307692308
2037,17.44861095890411
2038,9.274814814814814
2039,20.54381818181818
2040,15.181408571428571
2041,18.145766666666667
2043,48.893659375
2045,23.87405063291139
2047,17.702768674698795
2048,19.410108666666666
2052,5.327898550724638
2055,20.57407894736842
2058,23.139333333333333
2063,31.482
2066,13.958357142857142
2067,5.493239726027397
2069,25.819342857142857
2071,11.053
2072,32.07864875
2077,11.063043859649122
2079,17.86366923076923
2081,12.784856603773585
2084,9.551244444444444
2086,9.038331168831169
2089,7.598142857142857
2090,19.089426666666668
2091,7.106915151515151
2092,9.597896153846154
2093,5.475
2094,14.862818181818183
2095,18.04758536585366
2096,9.872433333333333
2099,8.611611111111111
2100,26.010625
2103,11.707075555555555
2104,30.62713
2106,37.3304
2109,39.159501754385964
2112,36.39264705882353
2115,14.83301038961039
2116,5.77
2117,5.910142857142858
2118,7.295656565656565
2119,17.528925373134328
2121,8.289
2123,5.044081632653061
2127,43.55623
2128,21.0249
2129,13.358604651162791
2131,11.372750537634408
2132,14.27890909090909
2133,12.044871794871796
2134,3.949846153846154
2135,5.687619047619048
2137,28.083267123287673
2139,9.87782608695652
2140,7.226101694915254
2144,14.552677419354838
2145,14.41871794871795
2146,4.798896907216495
2147,33.31469666666667
2149,1.9385555555555556
2150,11.791103448275862
2151,18.53688888888889
2153,16.846816666666665
2158,15.254807692307692
2159,1.1971294117647058
2160,21.0136
2162,8.196666666666667
2163,14.031771666666666
2165,9.977666666666666
2169,23.300981398037205
2178,17.13561111111111
2180,41.96877777777778
2183,17.563053333333333
2187,13.611440714285715
2190,9.590488888888888
2193,16.76784046431907
2194,48.39412745098039
2195,34.56333333333333
2200,6.13560487804878
2205,12.787
2208,59.72594545454545
2209,20.229727272727274
2210,5.284296296296296
2212,32.098132
2214,7.0517619047619045
2220,7.602611320754717
2221,6.4717
2222,18.752910714285715
2223,12.788313725490196
2227,12.6395
2230,33.478529411764704
2231,11.449813725490197
2234,16.704509803921567
2235,13.381282051282051
2237,10.743929824561404
2238,10.420137931034482
2239,22.076589830508475
2240,12.047402777777778
2242,30.629333333333335
2245,10.49984126984127
2250,35.28568888888889
2252,16.003483516483517
2253,5.3488
2257,3.185
2259,2.378
2261,17.334444444444443
2266,123.03156666666666
2267,17.89009785714286
2268,10.793042553191489
2272,5.078
2276,12.565735294117648
2281,24.538175
2287,2.9718125
2289,12.815384615384616
2290,13.991304347826087
2296,82.5761125
2297,14.265277777777778
2301,13.370296428571429
2302,30.036966666666668
2307,1.4851055555555555
2308,2.8634
2309,11.657777777777778
2311,21.175303333333332
2321,9.831052631578947
2325,34.21942857142857
2327,9.908138888888889
2334,46.431015625
2335,7.0640833333333335
2338,24.556363636363635
2339,11.325793103448277
2340,12.035381395348837
2341,17.422414084507043
2342,11.307866666666667
2343,3.077785714285714
2345,59.607284615384614
2346,11.61370588235294
2347,0.06028888888888889
2348,8.013151515151515
2350,15.939944444444444
2353,14.864084210526316
2354,3.8437666666666668
2358,2.455934426229508
2359,9.46695593220339
2361,11.616251333333333
2363,1.2534193548387096
2364,4.569166666666667
2366,38.206664
2367,2.4366
2368,6.886066666666666
2369,2.9349333333333334
2370,14.373692307692307
2375,27.96982
2377,11.09
2379,14.531578947368422
2382,21.10440404040404
2383,16.283258333333333
2384,6.62774025974026
2386,18.265975
2387,36.79247125
2391,7.661949275362319
2397,42.9472085106383
2399,14.059666666666667
2403,2.96341875
2404,3.6843548387096776
2409,4.9963
2411,14.429081081081081
2412,14.639140625
2413,6.6581785714285715
2414,6.402373626373627
2416,2.9784615384615383
2417,28.242901960784312
2423,10.035818181818183
2426,12.34900909090909
2427,14.42170731707317
2428,45.052
2432,1.8762526315789474
2433,44.01000298507463
2434,20.914806666666667
2436,11.60047191011236
2437,25.043157894736844
2441,11.2058125
2443,9.309322033898304
2446,5.9955428571428575
2451,13.1556
2452,19.47930786516854
2453,13.18
2455,17.18091304347826
2456,3.986923076923077
2457,15.625654973801048
2458,23.854664383561644
2459,10.152247777777777
2462,10.89
2467,7.8375
2468,11.00250505050505
2470,36.5026875
2473,33.29441758241758
2474,13.009149253731342
2477,10.392428571428571
2478,7.365483870967742
2479,16.599833333333333
2481,27.978235294117646
2483,21.229932584269662
2484,20.884242424242423
2485,11.171445
2489,4.895083333333333
2492,21.74366
2493,12.775070967741936
2494,19.27623913043478
2497,4.604675324675324
2500,28.641032258064516
2501,24.458429577464788
2502,47.874209836065575
2504,19.399970833333334
2505,43.7974465116279
2509,14.608087333333334
2510,8.33248076923077
2511,10.700303030303031
2512,8.612285714285715
2514,0.6279555555555556
2515,15.263684210526316
2516,12.210912280701754
2517,10.79201851851852
2521,5.7564677419354835
2522,8.1308
2524,18.354584615384617
2525,28.092933333333335
2527,80.32371134020619
2529,8.067727272727273
2530,20.260545454545454
2531,64.18133333333333
2532,9.70016923076923
2534,23.567853658536585
2539,9.584763636363636
2541,5.84448275862069
2542,19.671912280701754
2546,15.712566666666667
2547,6.0305
2548,14.812293103448276
2549,2.25732
2550,3.1062264150943397
2552,24.34016170212766
2556,8.87776923076923
2559,18.033272727272728
2560,11.164778571428572
2562,10.32088888888889
2563,14.027098039215685
2564,19.350098591549294
2565,11.579397849462365
2566,20.336975
2567,9.361171428571428
2568,22.044672857142857
2570,11.319533333333334
2572,2.9258333333333333
2573,17.853545454545454
2575,8.287981424037152
2576,17.126028985507247
2577,17.84790476190476
2581,38.472719047619044
2584,25.270172727272726
2585,11.519571428571428
2586,9.896666666666667
2588,4.865333333333333
2591,5.358466666666667
2593,6.666
2596,10.969545
2598,13.170705
2605,12.30080303030303
2607,16.147945205479452
2609,13.43880985915493
2610,3.070105263157895
2611,22.583935483870967
2613,10.200861538461538
2614,31.82853012048193
2615,21.521041666666665
2616,24.274428571428572
2618,10.068975
2619,9.441606666666667
2621,24.213841666666667
2622,13.104351351351351
2623,17.48
2624,10.143884057971015
2625,15.759550632911392
2629,40.206517647058824
2630,2.587894
2631,5.626019607843137
2632,7.398365853658537
2633,5.133454545454545
2634,3.4168421052631577
2635,20.338555555555555
2637,19.946964705882355
2638,15.029660666666667
2639,30.59543548387097
2643,10.603769230769231
2645,2.491142857142857
2646,28.35283908045977
2647,4.939375
2651,20.852811594202898
2653,3.184887804878049
2654,4.925833333333333
2655,21.509037037037036
2656,2.0523333333333333
2658,13.312317375365248
2659,8.56422
2660,23.208732
2661,28.911390443047786
2664,13.124133333333333
2665,23.9996
2666,4.953636363636364
2668,26.579208333333334
2669,6.469296296296296
2671,1.9188
2672,27.405973333333332
2674,5.652083333333334
2675,9.809768421052631
2676,8.83047191011236
2677,35.229978260869565
2681,12.2865875
2683,4.919842105263158
2687,16.87107142857143
2689,7.399772916666667
2690,27.530236
2691,1.5485714285714285
2699,6.3872
2701,0.0564040404040404
2709,12.945490909090909
2713,8.98473
2714,120.4185
2715,8.02909090909091
2716,11.419222222222222
2717,18.681444444444445
2718,7.978670042659915
2720,28.190350877192984
2721,10.126671666666667
2722,22.215367647058823
2723,26.362211267605634
2726,64.34610666666667
2728,19.98096153846154
2729,33.0944
2734,11.597316666666666
2736,19.82964705882353
2739,6.093529411764706
2743,42.376714285714286
2749,9.055131578947368
2753,12.672571428571429
2755,14.605958904109588
2756,20.293402173913044
2757,18.495833333333334
2758,18.896632352941175
2759,45.144284210526315
2760,8.131450980392158
2763,8.244629268292682
2765,16.53736
2772,7.2338046511627905
2775,54.215583333333335
2776,12.729461016949152
2779,22.661574
2780,16.109382978723403
2781,14.297918571428571
2785,0.5008571428571429
2786,8.050666666666666
2787,12.111
2788,19.80120625
2795,12.004761904761905
2796,12.873603174603174
2799,26.22926875
2800,8.403509523809523
2802,6.433513333333333
2803,52.94906
2805,13.005172413793103
2806,44.537333333333336
2811,5.742333333333334
2820,29.172565957446807
2821,8.325673076923078
2822,7.040971428571429
2826,3.968193548387097
2827,3.173387755102041
2831,9.93462962962963
2833,10.776407594936709
2835,38.39841860465116
2836,13.229036363636364
2837,13.566622950819673
2839,16.877181818181818
2840,14.243954545454546
2841,13.752471698113208
2842,30.804651162790698
2845,18.390089552238805
2847,29.0814
2848,12.533225806451613
2849,25.3532
2856,10.176684210526316
2858,9.121474358974359
2861,7.968345454545455
2863,6.899518987341772
2867,23.00964772727273
2868,10.893717171717173
2877,1.7648275862068965
2882,11.476975
2885,14.9237
2888,13.447760714285714
2889,31.92757142857143
2892,5.753254545454546
2896,11.708484444444444
2897,12.052745454545455
2898,9.458360824742268
2899,7.372086419753086
2900,19.42525641025641
2903,10.366216216216216
2905,15.257466666666666
2908,23.41
2910,37.878
2913,6.987177419354839
2914,18.535212765957446
2917,9.551934426229508
2919,9.54700806451613
2920,9.650636666666667
2921,10.802145161290323
2922,18.805886842105263
2924,6.148741666666667
2933,9.505625
2935,6.584081632653061
2936,9.55590625
2938,91.66611538461538
2941,9.5856
2943,2.5494814814814815
2944,7.313666666666666
2948,12.199615384615385
2951,2.975709090909091
2952,4.509788235294118
2953,0.9110370370370371
2957,26.60551724137931
2960,8.491527027027027
2961,54.007441176470586
2965,18.8832
2966,6.746774193548387
2968,25.892761363636364
2970,13.610285714285714
2971,17.193233333333332
2976,3.9231827956989247
2978,11.535694915254238
2980,13.501
2981,18.663846153846155
2982,12.992366666666667
2986,38.48042866666667
2987,28.858260869565218
2989,8.830261538461539
2990,29.037903333333333
2992,12.737619047619047
2993,14.529479797979798
2995,3.8783706081469593
2998,27.17340425531915
3000,7.915676470588235
3002,10.02021505376344
3003,21.28638596491228
3005,8.693235294117647
3006,11.367166666666666
3007,7.345022471910112
3009,13.771354166666667
3010,18.426315555555554
3013,24.886873333333334
3015,5.355513
3016,5.117041666666666
3017,16.551666666666666
3018,45.656995
3020,12.551390666666666
3021,3.3520658536585364
3022,5.9471392405063295
3025,16.74056779661017
3026,13.507949253731343
3027,6.056075
3033,10.538333333333334
3036,23.000363636363637
3037,4.588798507462687
3039,31.09150819672131
3041,14.623927631578947
3045,9.83765625
3046,24.107982142857143
3050,11.5515
3053,49.52926
3055,10.021980769230769
3057,18.110978260869565
3060,10.876066666666667
3067,84.93116279069767
3068,10.230671875
3071,5.539423255813953
3072,17.910611111111113
3074,18.320317647058822
3079,30.901694
3080,1.8360727272727273
3081,18.141815789473686
3082,4.13675
3084,3.2152564102564103
3085,23.04365322580645
3086,8.37034693877551
3088,8.162634042553192
3091,30.596
3093,21.90925
3095,26.336785714285714
3096,15.377357142857143
3097,30.236751898734177
3098,30.55613333333333
3101,10.773222222222222
3102,22.497068181818182
3105,43.42353846153846
3106,10.672038461538461
3114,1.4434375
3117,25.02046153846154
3119,1.5807883333333332
3120,2.757756756756757
3126,11.711862857142858
3128,10.915135135135134
3129,32.87483043478261
3130,6.572642857142857
3131,9.91031746031746
3135,6.4558409090909095
3136,1.791
3138,2.0535483870967743
3139,16.086866666666666
3142,2.2526212765957445
3144,21.166603773584907
3146,11.835909090909091
3147,9.512493827160494
3149,17.34681052631579
3150,9.215735849056603
3152,10.916285714285713
3153,6.351272727272727
3156,16.958297297297296
3157,26.33702840909091
3158,35.1108515625
3159,14.604117647058823
3161,1.846081081081081
3162,7.119617346938775
3163,7.969576923076923
3169,2.8434
3171,20.7748
3173,36.702462
3174,0.6290909090909091
3175,24.281739130434783
3179,22.907669285714285
3180,38.079359090909094
3181,79.44098024691358
3182,12.574943181818181
3183,1.85656
3186,12.951
3187,11.587
3188,10.02953086419753
3189,5.9864375
3190,15.27746
3191,1.7257689655172415
3192,10.93076119402985
3193,14.071033898305085
3195,21.77094736842105
3199,13.741762142857143
3202,17.625635416666668
3204,59.82315463917526
3205,7.140271186440678
3206,20.176538461538463
3210,13.578541666666666
3214,21.2278431372549
3215,32.453740625
3217,19.318363636363635
3218,27.77859793814433
3220,3.488482558139535
3221,5.045714285714285
3222,10.135847826086957
3225,18.058615384615386
3229,9.80910243902439
3230,28.27985333333333
3231,26.257194029850748
3232,18.177176470588236
3236,18.787617391304348
3238,10.561923076923076
3242,11.353218571428572
3243,27.946947692307692
3247,14.699890410958904
3248,4.293786666666667
3249,7.5590625
3252,4.985553846153846
3254,18.695525252525254
3255,19.100509803921568
3257,14.061683673469387
3260,7.470578333333333
3262,9.681396825396826
3267,13.104993150684932
3269,14.470363636363636
3270,12.873333333333333
3272,2.9405
3273,30.7667
3275,10.502692307692307
3276,8.714576271186441
3279,6.048636363636364
3280,12.793181818181818
3282,4.0527037037037035
3283,20.280272
3284,9.55975
3292,22.934055
3296,46.9787037037037
3299,9.255916666666666
3304,18.42625
3305,13.507080357142858
3306,16.087745454545455
3307,18.98
3308,6.1913
3309,9.472804545454546
3312,9.999672131147541
3318,24.50034090909091
3319,13.74015223880597
3320,25.250249333333333
3322,31.127
3323,9.675237288135593
3324,11.17489344262295
3325,9.689142857142857
3326,42.09520307692308
3327,4.5757352941176475
3330,14.092653333333333
3331,14.28733
3333,6.5905
3334,30.200945
3336,18.399479452054795
3337,12.621714756570487
3338,1.225877551020408
3340,17.362815384615384
3343,31.314153846153847
3344,11.724029850746268
3345,116.56762962962964
3346,2.9032
3347,6.655054545454545
3349,13.350208333333333
3350,10.987777777777778
3354,12.989627692307693
3356,13.658
3357,22.266327272727274
3365,31.783555555555555
3366,9.939821203575928
3368,6.36
3369,15.529938775510205
3371,4.796
3372,6.7763014084507045
3376,26.731872340425532
3378,7.537298969072165
3379,13.471428571428572
3382,20.851298076923076
3385,2.945858585858586
3389,3.8080416666666665
3391,16.614814814814814
3397,56.3252
3398,1.5657560975609757
3401,25.189884210526316
3404,5.346723684210526
3405,13.8815
3406,6.72284
3411,17.60105376344086
3412,25.25594
3413,40.36
3415,12.140202127659574
3416,16.749175
3417,18.518283018867926
3418,13.863566666666667
3419,30.144833333333334
3422,13.867111111111111
3423,10.446923076923078
3426,1.4126714285714286
3427,30.2589775
3428,21.759298507462688
3431,11.22114406779661
3432,40.99063829787234
3433,24.96230508474576
3434,16.966703703703704
3435,9.11127536231884
3436,8.151
3437,2.1440740740740742
3438,94.732
3439,82.24358974358974
3447,45.48692
3448,17.416886363636365
3449,0.14042
3455,2.462
3456,2.24128813559322
3460,3.601785714285714
3462,12.50741935483871
3463,0.6316
3466,47.26790625
3468,41.43579076923077
3471,23.236966666666667
3472,17.643275862068965
3473,10.806346153846153
3474,8.49153448275862
3476,63.35318181818182
3477,0.04052
3478,13.409857142857144
3480,4.905333333333333
3482,8.604320652173913
3483,26.989745
3484,4.33078431372549
3486,17.936372093023255
3488,13.356318181818182
3491,23.200285714285716
3494,3.0191208791208792
3497,10.095125
3498,41.702714285714286
3499,1.1632
3500,8.124761904761904
3502,9.403462686567163
3506,3.682112676056338
3510,17.531893617021275
3511,21.9763
3513,6.14448275862069
3516,14.639478260869565
3525,3.3995
3526,11.4387
3527,99.1025
3530,26.474
3531,6.94044
3532,21.475061728395062
3534,17.334116666666667
3536,11.14061855670103
3537,32.80209677419355
3543,7.54175
3546,20.640528301886793
3549,23.823510204081632
3552,12.503661971830986
3557,25.676666666666666
3558,34.172105
3559,14.803076923076922
3560,42.26122921348315
3562,24.716973333333332
3564,26.37104761904762
3565,11.827196428571428
3568,16.201373333333333
3573,15.100042857142856
3575,0.4965
3576,20.021736842105263
3577,12.319325301204819
3581,12.155322033898305
3585,32.19395111111111
3587,16.291182222222222
3588,19.4635
3589,2.8474285714285714
3590,30.014702702702703
3595,18.56775642857143
3596,41.89384857142857
3597,14.472295454545455
3598,32.452778787878785
3600,5.423571428571429
3601,37.420825
3606,2.306857142857143
3607,37.90222222222222
3608,16.66607441860465
3610,11.638112723774553
3611,22.35457142857143
3612,17.0106091954023
3617,7.8969
3619,15.933157894736842
3621,13.677720588235294
3622,5.903845
3623,11.15536883116883
3624,17.289253333333335
3625,9.750133333333334
3626,16.07743
3628,12.714323529411764
3632,12.053333333333333
3634,24.10525842696629
3635,8.20449
3636,10.043264705882352
3638,4.4742125
3639,16.25710769230769
3641,15.919246153846155
3642,25.31643076923077
3643,17.94923076923077
3645,11.342
3647,16.141636363636362
3649,15.90799358974359
3652,8.612307692307692
3653,9.915144230769231
3658,14.120454545454546
3662,10.20595
3663,3.8460869565217393
3664,27.0047
3665,20.329045
3666,15.429941176470589
3668,29.22945
3669,19.3461
3670,2.01475
3671,45.16537837837838
3674,8.24195238095238
3677,21.366
3679,11.042478260869565
3680,28.2785625
3681,3.259565789473684
3685,16.416132075471698
3687,22.537164556962026
3688,22.112944186046512
3690,11.1227
3691,14.119555217791289
3692,33.32814761904762
3693,31.313191489361703
3694,14.77997191011236
3695,8.015416666666667
3696,38.31046666666666
3698,23.0394
3700,4.358148148148148
3703,6.467736842105263
3704,2.7884
3705,15.38884375
3709,2.5908
3710,39.7437756097561
3711,24.076119298245615
3715,8.516823333333333
3717,4.293418604651163
3720,21.5205
3721,15.171405714285715
3722,4.285969565217392
3724,23.197636363636363
3725,6.2375342465753425
3726,10.391359649122807
3729,3.3260275862068966
3730,4.508823529411765
3732,5.033977142857143
3733,11.254
3734,3.585384615384615
3736,12.713453333333334
3738,13.12318625
3739,17.29039
3741,12.897943661971832
3743,21.348222891566266
3745,14.536235849056604
3748,31.0609675
3750,6.42325
3751,9.08316
3752,16.016
3754,28.759206896551724
3755,16.546264537354627
3756,10.9068
3757,27.654740259740258
3759,22.485347368421053
3760,11.877027027027028
3764,9.30809090909091
3766,4.046857142857143
3769,2.5993839285714286
3771,15.913730158730159
3773,14.815
3780,10.334222222222222
3781,11.89298125
3785,6.084561403508772
3789,24.51010759493671
3791,3.7408852459016395
3793,11.310837662337663
3794,8.684533333333333
3795,33.651826923076925
3801,14.445757575757575
3802,33.400694736842105
3803,43.759487640449436
3804,7.080166666666667
3805,13.276157303370786
3806,12.216779661016949
3808,17.3257578125
3810,3.3117
3812,28.807924528301886
3815,4.51625
3817,32.567880714285714
3821,16.94475027624862
3823,14.074571428571428
3831,10.109817857142858
3838,16.576931034482758
3842,8.62444193548387
3845,16.84033953488372
3847,25.333307333333334
3850,0.3511375
3851,6.026666666666666
3852,4.666373626373626
3853,12.341014285714285
3855,5.234149253731343
3856,21.2359375
3857,3.8370087719298245
3859,6.145060869565217
3860,11.412898666666667
3861,33.843024657534244
3864,1.103846153846154
3865,5.911935483870968
3867,34.37621285714286
3869,8.887627906976745
3870,6.15886301369863
3872,1.518
3876,9.284857142857144
3877,4.87099875
3878,5.009044776119403
3880,10.463878787878787
3881,10.933704132591735
3883,10.981411764705882
3885,12.634984126984127
3888,3.149
3890,14.321613333333334
3892,2.7862
3894,30.292211428571427
3895,7.366655172413793
3899,9.57818
3905,38.953650793650795
3907,9.588724675324675
3908,32.07377857142857
3910,5.8078529411764706
3911,14.598122222222223
3913,16.099072142857143
3914,4.159666666666666
3915,58.082708333333336
3917,27.786634146341463
3918,11.3711884057971
3921,6.306255
3924,18.79478260869565
3925,5.487916666666667
3926,17.57373181818182
3928,15.274776119402985
3929,18.07125
3932,16.7111
3933,8.015490909090909
3938,11.238793103448275
3940,8.207333333333333
3942,29.334195
3943,4.434533333333333
3944,43.64809782608695
3947,36.08096153846154
3948,5.961157894736842
3949,33.956875
3951,2.281586956521739
3953,2.747706896551724
3958,19.50977272727273
3968,7.77375
3972,9.727105263157895
3973,9.729875
3977,4.2695454545454545
3979,19.65895
3981,7.986030303030303
3982,22.826926470588234
3983,25.368027173913042
3984,14.99279503602482
3985,14.304833333333333
3988,10.10546
3989,20.289617391304347
3991,4.101016129032258
3993,19.339161
3997,3.214777777777778
3998,8.805576923076924
3999,0.5087586206896552
4001,12.78125
4005,10.600238095238096
4007,35.679124050632915
4009,13.291331428571429
4010,7.573805
4012,2.9472
4014,7.1290233333333335
4018,44.278301886792455
4019,14.153927083333333
4021,12.765708333333333
4023,18.57854516129032
4024,11.771101694915254
4027,24.4765
4031,0.23897435897435898
4032,7.334666666666666
4033,18.538
4034,34.36509090909091
4037,15.68419512195122
4038,23.52773913043478
4044,4.94805
4045,47.643
4048,5.297905
4049,16.542466666666666
4050,12.642
4051,12.441096774193548
4052,11.935253731343284
4053,15.740113636363636
4054,12.83746835443038
4056,65.28565428571429
4057,26.68585
4060,11.176023571428571
4061,11.1943125
4063,6.56925
4065,21.325970666666667
4066,10.974820895522388
4067,36.11653333333334
4069,20.27068285714286
4070,45.62814242424243
4071,3.195464285714286
4072,8.309363636363637
4079,4.006551020408163
4080,17.881865384615384
4081,3.7276875
4083,9.98084090909091
4084,9.149873134328358
4088,19.5985
4089,9.959375
4090,21.936356818181817
4098,9.428527906976743
4100,11.424035
4104,1.4498208955223881
4107,15.202534615384616
4109,13.09741573033708
4110,53.2698
4112,3.3838181818181816
4114,3.1778526315789475
4117,4.6309433962264155
4119,40.01545
4120,29.95542857142857
4122,20.11035
4123,2.66872
4130,10.015166666666667
4131,8.628863636363636
4132,19.540509
4133,26.08074285714286
4134,8.056509615384615
4138,19.89858
4141,5.182725806451613
4143,35.119371794871796
4145,11.20834375
4146,14.134071428571428
4149,16.491217391304346
4152,25.780533333333334
4153,24.622216216216216
4156,47.33101612903226
4158,8.563028571428571
4161,8.38875
4162,1.6021
4163,12.06271186440678
4164,31.85704
4167,16.198501886792453
4168,1.0527704545454546
4170,27.241154285714284
4172,4.727421428571429
4173,9.01
4176,9.328367741935484
4179,38.521301204819274
4180,10.845573333333334
4181,4.433658536585366
4182,10.166966101694916
4184,59.846694339622644
4187,8.67405
4188,5.08416
4189,8.284736842105263
4191,18.7352
4195,13.68334
4199,24.656095238095237
4200,29.80993023255814
4203,51.68443571428571
4204,43.844093
4205,10.73927397260274
4206,13.926063157894736
4207,74.3896103896104
4208,15.722625
4210,1.11075
4211,24.202703333333332
4215,10.580855
4216,28.724074074074075
4217,27.122730909090908
4219,5.220541666666667
4220,14.330333333333334
4221,30.751041666666666
4222,11.9981
4224,6.5696666666666665
4227,40.02367741935484
4228,13.589587333333334
4230,14.358752542372882
4231,14.180541176470589
4234,11.6234375
4238,32.612418181818185
4239,24.26579104477612
4241,3.207
4243,11.862070967741936
4245,29.3988
4247,5.056425925925926
4248,33.1542225
4250,15.3010078125
4251,24.50674418604651
4252,18.703544303797468
4254,5.813645161290323
4255,65.35097142857143
4257,8.7752
4259,111.25057142857143
4261,11.252202531645569
4264,22.78425
4267,8.67636
4271,1.1377254901960785
4272,42.41422857142857
4274,14.775854545454546
4277,4.135376923076923
4282,12.888926315789474
4283,21.47410483870968
4285,23.0035
4287,3.897671604938272
4288,5.812530120481927
4291,26.887742372881355
4292,31.512234285714285
4293,7.5770875
4294,34.78592592592592
4296,4.618636363636363
4298,10.21132
4299,52.35466666666667
4300,24.18154909090909
4301,23.374666666666666
4305,6.57510843373494
4306,5.960037974683544
4310,2.9053
4311,18.58130612244898
4312,23.668181818181818
4314,45.892157857142855
4317,38.23223125
4318,22.35958181818182
4319,2.4114545454545455
4320,11.272188732394365
4321,7.450544303797469
4325,6.750628571428572
4329,15.29061052631579
4335,17.405361428571428
4337,29.157619047619047
4339,37.302983720930236
4340,16.1828
4341,15.431338983050848
4343,16.184143333333335
4344,20.43585
4345,25.82715125
4346,5.738627551020408
4351,0.0
4353,29.020193333333335
4354,24.213803921568626
4355,10.944641025641026
4360,42.821717142857146
4361,21.05617
4363,3.2375280898876406
4365,13.234255319148936
4367,15.569813559322034
4370,7.928746753246753
4371,28.976354166666667
4373,16.829194736842105
4376,25.417373134328358
4379,18.399686274509804
4381,4.324166666666667
4383,14.619673469387756
4385,14.33477868852459
4390,30.8196875
4391,4.98096
4397,2.4268059701492537
4399,56.92676923076923
4407,4.228973584905661
4410,30.33491666666667
4411,1.81575
4415,13.171854545454545
4418,29.0221511627907
4420,1.4355036144578313
4421,24.820847058823528
4423,5.3509375
4425,0.6716
4427,2.3261
4430,29.74710875
4433,13.380876712328767
4434,25.9116338028169
4435,8.555172413793104
4438,3.42025
4439,16.75526976744186
4440,19.37227777777778
4443,24.532857142857143
4444,36.11093548387097
4445,13.404833333333332
4447,20.058177142857144
4450,19.021049122807018
4453,6.352622222222222
4454,34.16776388888889
4455,22.07601818181818
4456,25.5715
4457,37.264988
4458,21.929915789473686
4459,1.6372
4462,3.848625
4463,7.109166666666667
4468,17.179166666666667
4470,40.3653125
4472,15.556561333333333
4473,25.68275142857143
4475,41.901714285714284
4482,10.466197183098592
4484,0.58696
4485,5.436901408450704
4486,5.6091410256410255
4488,22.156072463768115
4490,3.8961176470588237
4492,11.193098039215686
4493,6.436954545454546
4497,1.0088
4498,9.558717948717948
4499,12.84
4500,44.85437049180328
4505,12.5264
4508,9.400833333333333
4509,7.437335051546392
4510,5.683829787234043
4513,5.7364556962025315
4514,17.810142857142857
4515,41.516875
4519,41.551229285714285
4520,5.1321875
4522,6.765752173913043
4525,18.56778588235294
4527,10.15013559322034
4532,9.893009615384615
4538,5.99556
4539,34.033426666666664
4541,33.2275
4546,11.486653658536586
4552,53.60690888888889
4558,7.525903846153846
4560,7.074145161290323
4561,8.376872093023255
4562,16.056454545454546
4565,1.647
4566,32.73420289855073
4568,17.877147540983607
4572,14.98125
4573,2.3060666666666667
4574,8.319875
4576,10.274835443037974
4577,6.222747142857143
4581,22.433304347826088
4585,13.987180327868852
4586,25.02493220338983
4587,7.7316
4588,30.30582857142857
4589,54.68642857142857
4592,4.2044
4594,15.594421428571428
4596,22.411142857142856
4597,13.645914285714285
4601,18.103528
4604,13.518060240963855
4605,11.42147875
4607,16.390944444444443
4609,6.678971014492753
4612,0.7663913043478261
4617,7.1
4619,13.335421875
4620,4.860515625
4621,22.667
4624,22.30942261904762
4625,9.239210526315789
4626,4.3116666666666665
4627,95.10671428571429
4628,9.823571428571428
4630,8.7002
4632,29.307016304347826
4634,17.01753846153846
4635,30.1618
4637,2.6344615384615384
4639,35.886704918032784
4640,12.885714285714286
4641,14.813888888888888
4646,29.051714285714286
4648,16.993846153846153
4655,0.9320170454545454
4656,14.537391304347826
4657,33.39205882352941
4658,20.885
4660,20.52623
4662,13.66148148148148
4663,9.161222222222221
4665,10.137011904761906
4666,34.175207692307694
4669,4.7491
4670,29.536
4671,11.120185185185186
4674,2.88278125
4675,59.5012
4677,5.6453255813953485
4678,46.30875
4679,19.6908
4683,4.999586206896551
4686,16.659142857142857
4688,6.479901234567901
4691,18.231
4695,7.464806451612903
4697,15.016673076923077
4698,26.27126582278481
4700,31.599267469879518
4702,15.5669
4703,4.937266666666667
4704,23.293551470588234
4708,64.61855066666666
4709,17.860232558139536
4712,6.8292
4713,27.878490566037737
4715,15.254813186813188
4716,6.114863636363636
4717,9.692368421052631
4719,6.96375
4722,10.98046511627907
4726,9.848290322580645
4727,10.518956521739131
4730,3.3952875
4734,7.211578947368421
4735,142.33331896551724
4736,41.70648571428571
4738,2.186125
4740,11.390396825396826
4742,7.5179833333333335
4744,18.158918918918918
4745,3.7096136363636365
4750,10.526875
4752,41.02353623188406
4753,3.9531929824561405
4755,17.158247311827957
4756,36.9425
4757,10.278930555555556
4759,24.75230985915493
4761,3.73396875
4762,8.958064516129033
4763,8.42
4764,16.7286125
4765,55.85981720430107
4767,16.63779375
4771,9.165833333333333
4772,21.48139705882353
4775,18.633125
4776,1.1410257731958764
4777,23.55275
4781,3.185875
4783,13.278285714285714
4784,8.783272727272728
4786,22.52060975609756
4787,10.184417910447761
4789,4.2128703703703705
4790,9.021565625
4796,4.555348275862069
4799,6.1985801419858015
4800,23.325876712328768
4801,12.300857142857144
4802,12.85795652173913
4807,5.7624
4808,13.706696629213484
4809,20.8254358974359
4810,12.935256410256411
4813,10.276093023255815
4814,6.726428571428571
4816,37.95848979591837
4817,11.404358208955223
4818,35.46985294117647
4819,5.451884615384615
4820,17.517766666666667
4822,12.809642857142856
4823,17.374725
4824,3.201
4826,2.457373737373737
4828,8.731953846153846
4834,12.204229729729729
4835,11.176986301369864
4840,18.869236363636364
4841,10.206370731707317
4842,2.3565252525252527
4846,13.64390909090909
4847,28.8554525
4848,37.88033333333333
4849,8.110186274509804
4859,3.323529411764706
4861,62.60209090909091
4862,23.783252631578947
4864,7.168059701492537
4866,44.65398076923077
4867,9.395734375
4868,17.936953488372094
4869,16.921982352941175
4870,19.438621739130436
4872,11.824873170731708
4873,6.47
4874,7.095742857142858
4875,9.483714285714285
4877,3.956
4878,26.30009090909091
4879,18.906929032258063
4880,19.466409090909092
4881,15.0296
4882,31.662397674418603
4886,15.329466666666667
4888,25.93876288659794
4890,14.51518918918919
4896,21.96511111111111
4897,8.837428571428571
4898,0.9334372093023255
4899,21.853247619047618
4900,3.4343939393939396
4901,2.743529411764706
4902,5.607411111111111
4905,17.269178082191782
4906,8.0904
4908,10.416338028169013
4910,23.58515
4915,18.832408602150537
4916,19.351959595959595
4917,0.7732653061224489
4918,12.719558139534884
4919,7.03771568627451
4924,22.9196
4925,9.913684210526316
4927,39.12958795180723
4933,12.201202380952381
4935,44.773538461538465
4937,10.34773076923077
4940,5.595755102040816
4941,4.977842696629214
4942,23.17149152542373
4943,2.8726666666666665
4945,13.23974193548387
4946,24.826805
4947,3.108966666666667
4951,25.96579
4952,17.332065573770493
4955,26.14064155844156
4956,1.777
4960,15.38352688172043
4965,13.728763636363636
4967,27.334966666666666
4968,13.44139024390244
4973,5.425191011235955
4974,27.78556857142857
4975,2.12625
4977,19.69934117647059
4979,6.4284
4980,3.7525625
4981,11.491821428571429
4982,15.1407
4983,7.541764705882353
4984,1.7762941176470588
4988,21.178935
4992,1.7863928571428571
4993,5.629428571428571
4994,15.855375
4996,16.181941176470588
5002,12.487783783783783
5006,9.654964705882353
5011,21.808941176470586
5012,9.978529411764706
5013,6.907432989690721
5014,24.5956
5017,32.82957666666667
5018,11.081818181818182
5019,29.472268292682926
5021,46.66555555555556
5022,15.84832142857143
5024,24.734909803921568
5025,23.330065
5029,21.187964788732394
5030,4.01294
5031,8.71825
5032,2.410858914108589
5034,24.81552142857143
5035,13.900862318840579
5037,5.690625
5038,10.052382608695652
5040,3.5894
5042,24.095306122448978
5046,29.5889
5050,12.797
5051,3.5159230769230767
5052,12.573961538461539
5055,5.904730158730159
5058,44.46238150473981
5060,8.2575
5061,35.553782608695656
5062,3.551686274509804
5065,3.6624444444444446
5067,6.300095890410959
5069,21.9755625
5071,21.245714285714286
5072,13.603409090909091
5074,2.0053488372093025
5075,25.83662375
5076,6.8741666666666665
5077,24.8788625
5078,4.47455
5081,6.056637362637363
5082,12.381333333333334
5085,13.096060606060606
5087,9.47217741935484
5090,8.737560975609757
5097,17.303567708333333
5098,39.225833333333334
5100,36.54505263157895
5101,16.80867605633803
5102,7.814033333333334
5103,5.556220930232558
5105,12.968425
5106,7.632692307692308
5108,9.897492307692307
5111,30.41870294117647
5115,9.869308333333333
5117,21.387186170212765
5118,6.312
5119,9.87103896103896
5121,2.682758620689655
5123,5.88645
5126,9.402649285714286
5128,9.134626865671642
5129,1.972
5130,14.392
5131,6.581348314606742
5134,29.55227142857143
5135,12.64310606060606
5141,35.52212121212121
5142,6.4588214285714285
5145,4.683656862745098
5146,14.031263157894736
5148,25.220959459459458
5152,8.414814634146342
5158,19.187103448275863
5159,18.531305970149255
5161,15.528146666666666
5163,12.937052631578947
5164,8.54804081632653
5166,2.1730612244897958
5167,13.653174285714286
5168,31.63572
5169,4.922571428571429
5173,16.210440860215055
5175,37.13077777777778
5180,19.31664
5181,29.68479333333333
5182,5.321071428571429
5183,16.530375384615386
5189,5.291162790697674
5191,13.672765957446808
5192,2.324
5193,14.92902
5196,10.105333333333334
5198,27.385614864864866
5201,6.440057971014493
5203,25.764846666666667
5207,22.861966666666667
5213,53.806408450704225
5216,6.1153494232528836
5219,11.610535714285714
5220,7.371648648648649
5221,7.443428571428571
5223,14.894141414141414
5230,1.6649795918367347
5232,1.3395
5233,3.42
5234,1.3871489361702127
5235,14.474947
5236,18.2635
5239,18.796115294117648
5246,8.898434782608696
5247,5.2055
5249,10.434193548387096
5253,7.026179333333333
5254,22.74457
5255,46.79147118644068
5256,12.267729333333333
5257,3.189101694915254
5261,19.444068965517243
5262,17.8047
5264,4.958125
5265,5.9121
5266,26.056323529411763
5267,11.188
5269,13.695378048780487
5271,11.483063492063492
5272,7.128888888888889
5273,14.6533
5274,16.840875
5275,5.324775
5276,11.559490566037736
5277,6.505075
5279,19.70716
5280,18.91422222222222
5282,12.99
5286,7.020195121951219
5287,11.495405128205128
5290,14.399866666666666
5292,11.858388571428572
5293,3.9304
5294,5.127759036144578
5295,27.82168857142857
5300,14.675770114942528
5301,12.323036231884059
5302,53.1953488372093
5303,9.994935064935065
5304,6.459305555555556
5305,45.41479183673469
5308,11.4368
5309,29.75588235294118
5311,38.4797325
5312,4.815396825396825
5313,8.118068333333333
5315,10.3104
5316,14.050476190476191
5317,17.49675
5322,21.47961038961039
5324,20.08792156862745
5326,29.534588333333332
5327,11.863733333333334
5328,13.495072727272728
5331,37.202450909090906
5332,8.193775
5334,18.36867073170732
5337,2.756066666666667
5339,7.703526315789474
5340,51.27262686567164
5342,17.261767441860464
5343,3.8535063829787233
5344,27.498751333333335
5345,8.857189189189189
5346,23.36287692307692
5347,16.177435
5348,8.803820895522389
5350,23.646223214285715
5352,60.19566666666667
5353,5.7960416666666665
5355,3.113
5357,6.955626373626374
5359,15.017154411764706
5360,12.409767272727272
5363,27.544983606557377
5364,9.961358974358975
5369,3.3331285714285714
5370,16.269561643835615
5371,5.354126984126984
5372,53.64427166666667
5374,2.7238828125
5375,20.006857142857143
5379,6.664350714285714
5380,20.27484
5381,29.28462686567164
5382,2.070218181818182
5383,11.554594202898551
5384,19.83472727272727
5387,23.107579545454545
5388,3.0765777777777776
5391,2.3808333333333334
5393,10.959118181818182
5394,8.346447058823529
5395,17.77460307692308
5396,10.010854545454546
5401,15.503744578313253
5406,15.015
5409,4.928828571428571
5410,16.076
5412,92.00871875
5413,11.991555555555555
5414,3.4706
5415,16.382575
5416,15.760416
5417,11.30824
5418,5.554
5419,20.574670588235293
5422,26.68974
5424,32.23314785714286
5426,47.696886666666664
5427,8.002725
5434,8.769311475409836
5435,11.30075
5437,45.282228260869566
5440,15.279506944444444
5442,22.855
5443,47.89433928571429
5447,45.38149818181818
5448,24.213732558139537
5451,9.809666666666667
5452,2.9421960784313725
5454,12.996222222222222
5456,7.810716049382716
5457,19.501724982750172
5458,14.871734848484849
5460,13.796666666666667
5461,12.790625
5462,2.6172025316455696
5464,13.136223214285714
5465,14.406155813953488
5466,41.272
5469,15.774351351351351
5471,21.56234
5473,7.3218
5474,14.706317073170732
5476,28.064583333333335
5479,8.52590909090909
5484,11.1684
5486,5.3985
5488,19.515790625
5489,10.364
5495,19.862397590361446
5496,15.35856
5499,11.334333333333333
5502,129.88204
5504,4.239294117647058
5505,40.51756696486607
5506,24.55504
5507,4.222285714285714
5509,18.82175833333333
5510,2.008
5511,30.266172307692308
5517,12.44869375
5519,22.640216666666667
5520,1.9043833333333333
5521,10.274746031746032
5522,26.380691428571428
5523,20.773454545454545
5524,4.125882352941177
5525,20.650344303797468
5528,6.6387857142857145
5529,0.6604346153846153
5533,34.252186046511625
5535,13.629365
5536,20.179263157894738
5539,15.581333333333333
5541,28.91320754716981
5545,79.48129629629629
5548,21.607756097560976
5551,11.339980666666667
5553,25.28192307692308
5555,6.83158
5558,4.3936065573770495
5559,7.831685393258427
5560,36.92181818181818
5564,25.00389142857143
5565,9.718260869565217
5566,48.38635714285714
5570,16.119473684210526
5571,19.958447333333332
5573,22.944446153846155
5575,29.326893333333334
5576,9.966833333333334
5577,17.443125
5579,13.535558571428572
5584,39.32383166666666
5585,39.12158695652174
5587,5.24971875
5589,15.802
5592,3.2125625
5594,2.214326530612245
5595,4.8036666666666665
5605,45.12863636363636
5609,7.100681818181818
5610,16.50628431372549
5615,19.346719354838708
5617,20.6807475
5618,15.679948979591837
5622,8.462843373493977
5623,3.420356164383562
5624,4.07456
5625,36.903735294117645
5626,10.60985593220339
5628,8.093246753246753
5629,7.558693023255814
5632,23.041868965517242
5633,15.21206
5640,97.12307753844924
5642,1.3196555555555556
5643,43.30709693877551
5645,14.156173913043478
5646,3.0774814814814815
5649,9.3525
5658,39.126141304347826
5659,19.758426086956522
5660,8.683742424242425
5669,22.289180327868852
5672,8.4479
5675,9.89175
5676,40.06732631578947
5678,14.544534482758621
5684,6.700081081081081
5687,10.612383561643835
5692,27.367172413793103
5696,36.32465666666667
5698,9.711454545454545
5702,9.120493150684931
5707,24.57598625
5709,18.7165
5711,19.58736842105263
5714,20.745546666666666
5715,24.502930379746836
5718,21.249432835820894
5720,5.5965291666666666
5722,29.550779569892473
5726,21.057916666666667
5727,14.498912857142857
5728,5.807587301587302
5729,38.12966315789474
5730,3.842923076923077
5733,14.908923076923077
5736,9.687
5739,20.305396825396826
5740,15.355571428571428
5743,21.789515463917525
5744,16.83188732394366
5747,12.418760869565217
5748,17.38180882352941
5752,2.6232876712328768
5753,18.5505
5754,12.443174603174603
5757,15.664116666666667
5759,19.05974705882353
5762,25.49975
5764,7.267874418604651
5766,1.7619272727272728
5767,27.705752577319586
5768,16.120389
5769,25.4188
5773,13.27515
5774,13.686
5775,8.7667
5776,24.092
5779,1.1417
5780,16.501893939393938
5783,15.413592592592593
5784,16.79396
5786,12.107149253731343
5788,13.034236363636364
5791,14.84723076923077
5795,9.848352459016393
5798,4.925096774193548
5800,26.2875
5801,4.53
5802,17.696883720930234
5807,4.416028571428572
5808,32.812255
5810,5.078535
5811,5.401555555555555
5813,24.116875
5814,5.3068888888888885
5816,7.866533333333333
5817,6.99485
5818,0.46672625
5826,36.44589655172414
5827,36.597417582417584
5828,3.36711875
5829,2.2685185185185186
5832,6.787326
5835,2.6810989010989013
5836,8.6086
5838,7.828771929824561
5840,24.8205793814433
5841,12.01376
5842,64.74430927835051
5845,18.520833333333332
5853,10.58090909090909
5854,28.742926829268292
5855,9.227675324675324
5856,17.423339682539684
5859,17.972333333333335
5860,41.6
5866,6.990083333333334
5867,31.27442625
5874,2.3525714285714288
5877,29.537754385964913
5878,9.189155555555555
5880,9.510673684210527
5881,112.35257333333334
5882,42.44720588235294
5884,14.748679245283018
5885,38.05126222222222
5886,12.231476852314769
5887,20.886470149253732
5889,35.8788
5892,0.9311714285714285
5898,6.704541666666667
5899,1.9193
5900,43.508596153846156
5905,14.443428571428571
5906,5.66315625
5907,10.54915
5908,23.05464197530864
5909,10.930702702702703
5910,17.21719090909091
5912,25.941
5914,5.588860759493671
5916,9.575867924528302
5918,19.504364583333334
5919,15.765426666666666
5920,20.984294736842106
5921,8.392866666666666
5924,11.991802816901409
5925,4.082590909090909
5926,3.2924933333333333
5933,18.1616015625
5934,13.790416666666667
5935,6.652
5940,11.759171717171718
5941,28.42159793814433
5942,23.298148148148147
5945,12.180833333333334
5948,3.9812545454545454
5949,12.897933333333333
5950,10.0546875
5951,9.028506329113924
5954,8.177184210526315
5955,2.608607594936709
5959,11.220029166666666
5960,16.564956140350876
5964,7.01088
5965,43.2005
5966,17.15986875
5967,8.718390804597702
5968,14.743479591836735
5971,38.8148
5972,16.397535211267606
5974,13.219363636363637
5975,17.536884057971015
5976,15.57393846153846
5979,3.304439393939394
5980,11.126517045454545
5982,12.146153846153846
5983,15.075
5985,4.992095890410959
5987,21.781666666666666
5988,18.88459375
5991,7.475333333333333
5992,7.4129523809523805
5996,33.32736097560976
5997,6.2234
5998,2.603418181818182
6004,15.809760606060607
6007,13.317986666666666
6010,13.761637931034484
6012,35.80493571428571
6013,2.6194545454545453
6015,7.452064516129032
6018,15.287
6019,27.78290125
6027,16.929555555555556
6032,1.8076712328767124
6033,2.7971372549019606
6035,22.131885
6036,24.41123287671233
6037,13.193307894736842
6042,2.498863414634146
6044,8.699504166666667
6045,8.2132375
6046,26.4611575
6047,44.6647
6050,19.0916
6053,5.651791666666667
6059,22.536592857142857
6061,18.984546875
6063,8.142392156862746
6064,11.15123157894737
6067,8.130761904761904
6072,10.703439759036145
6073,21.919246376811593
6082,17.320224615384614
6083,11.14515625
6084,18.250123655913978
6085,4.68232
6087,16.090160714285716
6089,4.857692307692307
6094,32.33698387096774
6095,0.7513425925925926
6100,4.797709459459459
6102,15.79774358974359
6104,27.425370731707318
6105,15.549625
6106,20.947646666666667
6107,20.8692
6110,14.7575
6112,13.170022727272727
6113,11.970148148148148
6116,12.80264705882353
6117,16.6164
6121,1.8531468531468531
6123,8.422753246753247
6125,5.213532258064516
6126,15.61568
6129,16.932259259259258
6131,5.252815789473684
6133,44.35066666666667
6135,9.44602985074627
6137,38.24935375
6142,205.6141907216495
6143,3.5258958333333332
6144,15.043698630136987
6146,12.526238095238096
6148,23.980120689655173
6150,10.216628571428572
6152,12.16157894736842
6153,12.263074626865672
6156,18.589962857142858
6157,11.084541666666667
6159,13.286331147540984
6160,40.27445
6161,5.816
6163,9.300014084507042
6164,47.4825223880597
6167,20.979883720930232
6169,14.77228488372093
6177,5.342731707317073
6178,7.992075
6181,27.16894117647059
6183,18.704041666666665
6185,10.739142857142857
6189,13.897535
6194,91.23137349397591
6199,23.440745283018867
6203,3.7504150943396226
6205,4.589
6206,4.454132352941176
6207,36.34476
6208,9.305333333333333
6210,10.446165789473683
6213,34.63185333333333
6215,38.788407407407405
6217,5.64595875
6219,21.94251851851852
6224,7.691071428571429
6225,5.26332
6227,2.733076923076923
6229,18.948067796610168
6230,9.9524
6233,15.783098591549296
6236,18.644347826086957
6239,38.978177083333335
6240,16.303140350877193
6242,10.66331
6245,1.1925
6247,6.437954545454545
6249,14.079942857142857
6251,12.192422535211268
6253,17.501428571428573
6254,21.698642857142858
6255,27.322225
6256,28.671781818181817
6258,24.68092857142857
6260,20.86086746987952
6262,0.0
6264,6.06258947368421
6265,36.736602150537635
6268,4.249294117647059
6269,3.8316640625
6270,6.127381443298969
6271,16.20445
6274,23.820779220779222
6278,3.826258823529412
6279,12.228913043478261
6281,14.26714606741573
6282,20.86657142857143
6285,1.15186
6286,14.702275
6291,23.8194
6292,103.42490857142857
6294,3.8931
6295,5.483044117647059
6298,7.575523076923077
6301,38.45907575757576
6302,23.317477551020406
6303,7.367085106382978
6305,13.08386
6312,24.49705
6313,7.2164
6318,35.36715
6320,35.55321428571428
6321,13.1342
6324,13.138316981132075
6326,13.03375081967213
6327,30.990482857142858
6331,21.89565744680851
6332,5.5312
6333,32.23
6334,2.580425
6335,20.93907692307692
6337,3.6102285714285713
6339,4.709785714285714
6342,25.620595238095238
6343,0.8446428571428571
6347,4.471927631578947
6349,7.461428571428572
6350,56.79765384615385
6351,16.896307692307694
6356,25.66143272727273
6360,13.629836666666666
6361,18.704454545454546
6362,17.84928142857143
6364,14.526666666666667
6367,14.068689655172413
6369,7.182025974025974
6370,4.481851851851852
6371,10.220666666666666
6376,8.952209302325581
6377,6.241777777777778
6378,18.057146808510637
6384,11.658757692307692
6386,8.97090909090909
6387,22.813133571428573
6391,41.6692
6393,17.777
6394,16.620072463768118
6395,7.023781818181818
6396,26.292863636363638
6397,17.957272727272727
6400,11.361379518072289
6402,148.15296714285714
6405,16.733851851851853
6407,13.339923076923077
6411,19.0315
6412,10.909
6415,11.438734375
6418,5.042275
6419,51.038797101449276
6422,2.2188
6424,13.05299
6425,5.043081632653061
6426,18.143423076923078
6427,10.824630952380952
6429,10.32148148148148
6430,9.048852459016393
6431,19.79643220338983
6436,2.6816666666666666
6438,11.645342857142857
6439,0.8689583333333334
6447,12.367735849056604
6450,11.930285714285715
6456,7.172592592592593
6457,24.529467142857143
6460,10.191301639344262
6463,19.897725490196077
6464,9.71678431372549
6469,30.237475
6470,5.564
6473,4.816212121212121
6475,67.49419047619048
6476,12.011463917525774
6477,6.896394230769231
6478,12.8455421686747
6481,7.207536842105263
6482,49.29821621621622
6483,6.9753255813953485
6484,6.71071875
6485,4.326206896551724
6486,20.092277777777777
6487,5.676966292134831
6488,11.059781818181818
6489,7.271764705882353
6490,3.2054782608695653
6492,14.044634615384615
6493,14.576628571428571
6494,7.8888659793814435
6496,13.386613636363636
6499,13.835824324324324
6501,13.096838596491228
6502,41.05605
6503,16.048
6504,4.462
6508,14.788142857142857
6514,15.746248275862069
6515,19.078140845070422
6516,2.9845
6518,3.8208524590163933
6520,3.2533125
6522,8.665707692307691
6523,11.785221477852215
6524,4.6675555555555555
6526,8.14484705882353
6530,4.679333333333333
6533,16.293076923076924
6538,11.58847037037037
6539,1.3706478260869566
6542,56.9783908045977
6545,16.908461538461538
6546,1.3488
6548,4.424521505376344
6552,44.096408333333336
6553,6.850197183098592
6554,32.489023333333336
6557,15.963236842105264
6560,31.65588383838384
6561,3.298264150943396
6564,22.289233333333332
6568,8.293677142857144
6572,20.58890144927536
6575,5.42392
6578,13.6976
6579,11.59772
6580,18.077055
6587,11.003119565217391
6588,24.589405405405405
6589,25.71590566037736
6594,4.577958333333333
6595,17.19039666666667
6601,6.05625
6602,48.388
6603,3.323414
6608,30.915127536231886
6610,16.423
6612,18.472
6614,12.57973084053832
6617,27.509786666666667
6618,28.009246666666666
6619,6.4060421052631575
6620,3.5304285714285712
6622,19.65898142857143
6623,6.182380952380952
6625,28.6696015625
6626,13.213770114942529
6630,14.0096
6631,5.881021052631579
6634,20.232466666666667
6635,8.103757575757577
6637,83.38992372881356
6639,10.460166666666666
6640,33.036696330366965
6642,16.36275
6643,4.54472
6646,37.79071232876712
6647,7.703371428571429
6650,10.343555555555556
6653,8.280305
6654,5.727095238095238
6655,10.198539682539682
6656,4.125288333333334
6658,6.744285714285715
6661,20.594976190476192
6667,2.6119444444444446
6674,15.287796703296703
6678,25.665110169491527
6680,12.022966101694916
6681,5.292758620689655
6682,14.01
6683,4.839560439560439
6686,31.181
6689,12.926724137931034
6691,18.111863636363637
6692,14.781927659574468
6694,40.11137266666667
6695,12.234176744186046
6696,17.42326153846154
6697,9.22830303030303
6699,22.449782857142857
6701,19.002425925925927
6703,14.687119565217392
6704,3.4451111111111112
6707,6.593701612903226
6708,5.342579545454545
6709,19.030538461538463
6710,22.629117647058823
6715,12.365944444444445
6718,4.477714285714286
6719,6.776739436619718
